Period,Time,Strength,Team,Shooter,Shot Type?,A1,A2,A3,A1 Zone,A2 Zone,A3 Zone,SC?,SOG?,Screen,Situation,Origin,Oddman,G?,Home Score State,Goalie,Game ID,Date,Home:,Away: ,ShooterPlayerId,A1PlayerId,A2PlayerId,A3PlayerId
1,19:33,5v5,EDM,91.0,t,29.0,27.0,,orrr,nl,,,,,r,nz,,,0,0,20116,10/27/2022,CHI,EDM,8481813,8476886.0,8476850.0,
1,18:57,5v5,EDM,91.0,w,25.0,5.0,,nl,dr,,,y,,r,dz,,,0,0,20116,10/27/2022,CHI,EDM,8481813,8476495.0,8471816.0,
1,18:40,5v5,EDM,37.0,W,,,,,,,,y,,f,oz,,,0,0,20116,10/27/2022,CHI,EDM,8471402,,,
1,17:38,5v5,CHI,23.0,w,24.0,23.0,,or,or,,,y,,f,oz,,,0,0,20116,10/27/2022,CHI,EDM,8480798,8476805.0,8480798.0,
1,17:24,5v5,CHI,4.0,w,43.0,,,opl,,,,,,f,oz,,,0,0,20116,10/27/2022,CHI,EDM,8477495,8477300.0,,
1,17:13,5v5,CHI,8.0,s,58.0,,,oelpl,,,,,,f,oz,,,0,0,20116,10/27/2022,CHI,EDM,8460770,8480025.0,,
1,17:10,5v5,CHI,52.0,r,,,,,,,y,y,,f,oz,,,0,0,20116,10/27/2022,CHI,EDM,8471736,,,
1,15:56,5v5,EDM,5.0,w,97.0,25.0,91.0,oc,ol,opl,y,,,r,dz,,,0,0,20116,10/27/2022,CHI,EDM,8471816,8478402.0,8476495.0,8481813.0
1,15:55,5v5,EDM,25.0,s,,,,,,,,y,,f,oz,,,0,0,20116,10/27/2022,CHI,EDM,8476495,,,
1,15:36,5v5,EDM,25.0,w,97.0,93.0,97.0,opl,ol,ol,,y,,c,oz,,,0,0,20116,10/27/2022,CHI,EDM,8476495,8478402.0,8476454.0,8478402.0
1,11:25,5v4,CHI,88.0,w,4.0,88.0,,oc,opr,,,,,,,,,0,0,20116,10/27/2022,CHI,EDM,8474141,8477495.0,8474141.0,
1,11:14,5v4,CHI,4.0,o,88.0,11.0,,opr,oc,,,y,,,,,,0,0,20116,10/27/2022,CHI,EDM,8477495,8474141.0,8471742.0,
1,11:01,5v4,CHI,88.0,w,19.0,4.0,88.0,orrl,oc,opr,,,,,,,,0,0,20116,10/27/2022,CHI,EDM,8474141,8473604.0,8477495.0,8474141.0
1,10:34,5v4,CHI,89.0,t,82.0,17.0,,oc,opr,,,,,,,,,0,0,20116,10/27/2022,CHI,EDM,8476960,8478452.0,8480153.0,
1,10:16,5v4,CHI,89.0,w,82.0,,,nr,,,,,,r,,,,0,0,20116,10/27/2022,CHI,EDM,8476960,8478452.0,,
1,10:14,5v4,CHI,89.0,w,,,,,,,,y,,,,,,0,0,20116,10/27/2022,CHI,EDM,8476960,,,
1,10:02,5v5,CHI,5.0,w,,,,,,,,y,,f,oz,,,0,0,20116,10/27/2022,CHI,EDM,8468927,,,
1,9:40,5v5,EDM,91.0,w,,,,,,,,,,f,oz,,,0,0,20116,10/27/2022,CHI,EDM,8481813,,,
1,9:39,5v5,EDM,91.0,r,,,,,,,,,,f,oz,,,0,0,20116,10/27/2022,CHI,EDM,8481813,,,
1,9:31,5v5,EDM,18.0,w,97.0,18.0,,orrc,or,,y,y,,c,oz,,y,0,0,20116,10/27/2022,CHI,EDM,8475786,8478402.0,8475786.0,
1,9:09,5v5,EDM,25.0,w,71.0,,,oelpr,,,,y,,f,oz,,,-1,0,20116,10/27/2022,CHI,EDM,8476495,8480802.0,,
1,8:13,5v5,EDM,29.0,w,56.0,,,or,,,,y,,r,nz,,,-1,0,20116,10/27/2022,CHI,EDM,8476886,8474719.0,,
1,7:59,5v5,EDM,91.0,w,29.0,,,nr,,,,,,r,nz,,,-1,0,20116,10/27/2022,CHI,EDM,8481813,8476886.0,,
1,6:40,5v5,CHI,89.0,b,13.0,,,dsl,,,y,y,,r,dz,1 on 0,y,-1,0,20116,10/27/2022,CHI,EDM,8476960,8470666.0,,
1,5:43,5v5,CHI,25.0,w,17.0,,,ofp,,,,y,,,,,,0,0,20116,10/27/2022,CHI,EDM,8477836,8480153.0,,
1,5:33,5v5,CHI,25.0,W,24.0,17.0,,opl,of,,,,,,,,,0,0,20116,10/27/2022,CHI,EDM,8477836,8476805.0,8480153.0,
1,5:32,5v5,CHI,17.0,b,5.0,,,or,,,y,y,,f,oz,,,0,0,20116,10/27/2022,CHI,EDM,8480153,8468927.0,,
1,5:08,5v5,EDM,93.0,w,93.0,,,oc,,,,,,r,dz,,,0,0,20116,10/27/2022,CHI,EDM,8476454,8476454.0,,
1,4:50,5v5,EDM,18.0,o,97.0,5.0,93.0,orrr,or,or,y,y,,c,oz,,,0,0,20116,10/27/2022,CHI,EDM,8475786,8478402.0,8471816.0,8476454.0
1,4:22,5v5,CHI,82.0,w,43.0,,,opr,,,,y,,c,oz,,,0,0,20116,10/27/2022,CHI,EDM,8478452,8477300.0,,
1,4:22,5v5,CHI,52.0,r,,,,,,,y,y,,c,oz,,y,0,0,20116,10/27/2022,CHI,EDM,8471736,,,
1,3:55,5v5,EDM,27.0,W,55.0,,,opl,,,,y,,f,oz,,,1,0,20116,10/27/2022,CHI,EDM,8476850,8474218.0,,
1,3:12,5v4,EDM,97.0,o,22.0,93.0,,oc,opl,,y,y,,,,,,1,0,20116,10/27/2022,CHI,EDM,8478402,8474048.0,8476454.0,
1,3:06,5v4,EDM,22.0,o,97.0,93.0,,opr,orrl,,,,,,,,,1,0,20116,10/27/2022,CHI,EDM,8474048,8478402.0,8476454.0,
1,2:08,5v4,EDM,18.0,w,97.0,93.0,29.0,ol,oc,or,y,y,,,,,,1,0,20116,10/27/2022,CHI,EDM,8475786,8478402.0,8476454.0,8476886.0
1,1:16,5v5,EDM,13.0,b,91.0,2.0,25.0,oelc,nr,dc,y,y,,r,,,,1,0,20116,10/27/2022,CHI,EDM,8473911,8481813.0,8477384.0,8476495.0
1,0:50,5v5,EDM,10.0,w,55.0,,,oc,,,,y,,r,dz,,,1,0,20116,10/27/2022,CHI,EDM,8481638,8474218.0,,
1,0:12,5v5,EDM,25.0,w,10.0,,,opl,,,,y,,f,oz,,,1,0,20116,10/27/2022,CHI,EDM,8476495,8481638.0,,
1,0:03,5v5,EDM,25.0,w,55.0,,,opl,,,,,,f,oz,,,1,0,20116,10/27/2022,CHI,EDM,8476495,8474218.0,,
2,19:42,5v5,EDM,97.0,w,2.0,,,nr,,,y,y,,r,nz,,y,1,0,20116,10/27/2022,CHI,EDM,8478402,8477384.0,,
2,18:27,5v4,CHI,19.0,t,13.0,88.0,4.0,orrl,orrr,oc,y,y,,,,,y,0,0,20116,10/27/2022,CHI,EDM,8473604,8470666.0,8474141.0,8477495.0
2,18:13,5v5,EDM,22.0,s,13.0,,,opr,,,,y,,,,,,1,0,20116,10/27/2022,CHI,EDM,8474048,8473911.0,,
2,18:08,5v5,EDM,37.0,o,13.0,71.0,,oelc,ol,,y,y,,f,oz,,,1,0,20116,10/27/2022,CHI,EDM,8471402,8473911.0,8480802.0,
2,17:55,5v5,EDM,22.0,w,80.0,71.0,,ol,opl,,,y,,f,oz,,,1,0,20116,10/27/2022,CHI,EDM,8474048,8479338.0,8480802.0,
2,16:51,5v4,CHI,88.0,w,13.0,,,orrl,,,y,y,,r,nz,,,1,0,20116,10/27/2022,CHI,EDM,8474141,8470666.0,,
2,15:07,5v4,EDM,25.0,b,97.0,,,or,,,,y,,,,,,1,0,20116,10/27/2022,CHI,EDM,8476495,8478402.0,,
2,14:44,5v4,EDM,22.0,w,97.0,22.0,29.0,opl,oc,opr,,,,,,,,1,0,20116,10/27/2022,CHI,EDM,8474048,8478402.0,8474048.0,8476886.0
2,14:32,5v4,EDM,29.0,o,22.0,97.0,,oc,opl,,,,,,,,,1,0,20116,10/27/2022,CHI,EDM,8476886,8474048.0,8478402.0,
2,13:59,5v4,CHI,4.0,W,88.0,,,orrl,,,y,y,,r,nz,2 on 1,,1,0,20116,10/27/2022,CHI,EDM,8477495,8474141.0,,
2,13:51,5v4,CHI,4.0,s,88.0,19.0,,opr,ol,,,y,,,,,,1,0,20116,10/27/2022,CHI,EDM,8477495,8474141.0,8473604.0,
2,13:09,4v5,EDM,25.0,w,71.0,,,ol,,,y,y,,r,,,,1,0,20116,10/27/2022,CHI,EDM,8476495,8480802.0,,
2,11:32,5v4,EDM,97.0,o,29.0,,,orrr,,,y,y,,,,,y,1,0,20116,10/27/2022,CHI,EDM,8478402,8476886.0,,
2,8:33,5v5,CHI,52.0,w,43.0,25.0,5.0,oc,dl,dr,,y,,r,nz,,,0,0,20116,10/27/2022,CHI,EDM,8471736,8477300.0,8477836.0,8468927.0
2,8:33,5v5,CHI,43.0,r,,,,,,,y,y,,r,nz,,,0,0,20116,10/27/2022,CHI,EDM,8477300,,,
2,8:26,5v5,CHI,25.0,w,43.0,,,ol,,,,,,f,oz,,,0,0,20116,10/27/2022,CHI,EDM,8477836,8477300.0,,
2,8:07,5v4,CHI,88.0,o,4.0,13.0,,oc,opl,,,,,,,,,0,0,20116,10/27/2022,CHI,EDM,8474141,8477495.0,8470666.0,
2,8:03,5v4,CHI,88.0,w,13.0,,,orrl,,,,,,,,,,0,0,20116,10/27/2022,CHI,EDM,8474141,8470666.0,,
2,7:18,5v4,CHI,11.0,w,88.0,19.0,88.0,orrl,ol,ol,y,y,,r,nz,,,0,0,20116,10/27/2022,CHI,EDM,8471742,8474141.0,8473604.0,8474141.0
2,5:44,5v5,CHI,5.0,w,88.0,19.0,13.0,or,oc,nr,,,,r,nz,,,0,0,20116,10/27/2022,CHI,EDM,8468927,8474141.0,8473604.0,8470666.0
2,5:31,5v5,CHI,24.0,w,43.0,24.0,5.0,orrl,nl,nl,y,y,,r,nz,2 on 1,,0,0,20116,10/27/2022,CHI,EDM,8476805,8477300.0,8476805.0,8468927.0
2,4:18,5v5,EDM,25.0,w,22.0,29.0,,or,opr,,,,,c,oz,,,0,0,20116,10/27/2022,CHI,EDM,8476495,8474048.0,8476886.0,
2,4:09,5v5,EDM,25.0,w,56.0,,,opl,,,,y,y,f,oz,,,0,0,20116,10/27/2022,CHI,EDM,8476495,8474719.0,,
2,3:38,5v4,CHI,11.0,w,88.0,,,orrr,,,y,y,,,,,,0,0,20116,10/27/2022,CHI,EDM,8471742,8474141.0,,
2,3:14,5v4,CHI,13.0,w,11.0,88.0,13.0,opl,orrr,ol,y,y,y,,,,y,0,0,20116,10/27/2022,CHI,EDM,8470666,8471742.0,8474141.0,8470666.0
2,2:21,4v5,EDM,18.0,w,,,,,,,y,y,,,,,,1,0,20116,10/27/2022,CHI,EDM,8475786,,,
2,2:11,5v4,CHI,89.0,w,88.0,89.0,17.0,oc,oc,dl,y,y,,r,dz,,,1,0,20116,10/27/2022,CHI,EDM,8476960,8474141.0,8476960.0,8480153.0
2,2:05,5v4,CHI,58.0,r,,,,,,,y,y,,r,dz,,,1,0,20116,10/27/2022,CHI,EDM,8480025,,,
2,1:06,4v5,CHI,43.0,w,,,,,,,y,y,,,,,,1,0,20116,10/27/2022,CHI,EDM,8477300,,,
3,19:36,5v4,EDM,93.0,o,29.0,22.0,,orrr,oc,,y,y,,,,,y,1,0,20116,10/27/2022,CHI,EDM,8476454,8476886.0,8474048.0,
3,19:05,5v5,EDM,71.0,w,,,,,,,,,,f,oz,,,0,0,20116,10/27/2022,CHI,EDM,8480802,,,
3,18:17,5v5,EDM,22.0,o,97.0,5.0,97.0,opr,or,opr,,,,c,oz,,,0,0,20116,10/27/2022,CHI,EDM,8474048,8478402.0,8471816.0,8478402.0
3,18:04,5v5,EDM,56.0,w,29.0,22.0,,oc,or,,y,y,,f,oz,,,0,0,20116,10/27/2022,CHI,EDM,8474719,8476886.0,8474048.0,
3,17:54,5v5,CHI,19.0,w,11.0,16.0,25.0,oc,ol,dl,y,y,,r,dz,,,0,0,20116,10/27/2022,CHI,EDM,8473604,8471742.0,8479514.0,8477836.0
3,16:54,4v5,EDM,10.0,w,,,,,,,,,,,,,,0,0,20116,10/27/2022,CHI,EDM,8481638,,,
3,15:38,4v5,CHI,17.0,o,89.0,,,ol,,,,,,,,,,0,0,20116,10/27/2022,CHI,EDM,8480153,8476960.0,,
3,14:41,4v5,CHI,24.0,w,,,,,,,,,,,,,,0,0,20116,10/27/2022,CHI,EDM,8476805,,,
3,14:06,5v4,EDM,29.0,o,97.0,22.0,97.0,orrl,oc,ol,y,y,,,,,,0,0,20116,10/27/2022,CHI,EDM,8476886,8478402.0,8474048.0,8478402.0
3,13:11,5v5,EDM,27.0,O,91.0,13.0,91.0,opl,ol,ol,,,,,,,,0,0,20116,10/27/2022,CHI,EDM,8476850,8481813.0,8473911.0,8481813.0
3,13:08,5v5,EDM,2.0,w,,,,,,,,,,f,oz,,,0,0,20116,10/27/2022,CHI,EDM,8477384,,,
3,12:13,5v5,EDM,2.0,w,,,,,,,,,,r,nz,,,0,0,20116,10/27/2022,CHI,EDM,8477384,,,
3,11:26,5v5,EDM,55.0,w,56.0,,,oc,,,y,y,,f,oz,,,0,0,20116,10/27/2022,CHI,EDM,8474218,8474719.0,,
3,11:06,5v4,EDM,93.0,w,2.0,,,oc,,,,y,y,,,,,0,0,20116,10/27/2022,CHI,EDM,8476454,8477384.0,,
3,10:35,5v4,EDM,2.0,w,29.0,2.0,,opr,oc,,,y,,,,,,0,0,20116,10/27/2022,CHI,EDM,8477384,8476886.0,8477384.0,
3,9:56,5v4,EDM,2.0,o,97.0,2.0,93.0,opr,oc,opl,,,,,,,,0,0,20116,10/27/2022,CHI,EDM,8477384,8478402.0,8477384.0,8476454.0
3,9:44,5v4,EDM,97.0,w,2.0,,,ol,,,y,y,,,,1 on 0,y,0,0,20116,10/27/2022,CHI,EDM,8478402,8477384.0,,
3,9:23,5v5,EDM,25.0,W,71.0,,,opr,,,,,,f,oz,,,-1,0,20116,10/27/2022,CHI,EDM,8476495,8480802.0,,
3,7:59,5v4,EDM,93.0,o,29.0,97.0,,orrc,or,,y,,,f,,,,-1,0,20116,10/27/2022,CHI,EDM,8476454,8476886.0,8478402.0,
3,6:59,5v4,EDM,13.0,w,29.0,,,oc,,,y,y,,,,,,-1,0,20116,10/27/2022,CHI,EDM,8473911,8476886.0,,
3,4:41,5v5,CHI,4.0,s,19.0,,,ofp,,,,y,,,,,,-1,0,20116,10/27/2022,CHI,EDM,8477495,8473604.0,,
3,4:36,5v5,CHI,4.0,w,23.0,,,oelpc,,,,y,,f,oz,,,-1,0,20116,10/27/2022,CHI,EDM,8477495,8480798.0,,
3,4:19,5v5,EDM,91.0,w,56.0,,,ol,,,,y,,f,oz,,,-1,0,20116,10/27/2022,CHI,EDM,8481813,8474719.0,,
3,3:21,5v5,CHI,88.0,w,6.0,32.0,,dc,dl,,,y,,r,dz,,,-1,0,20116,10/27/2022,CHI,EDM,8474141,8458637.0,8465058.0,
3,3:13,5v5,CHI,6.0,w,82.0,13.0,,or,opr,,Y,y,,c,oz,,,-1,0,20116,10/27/2022,CHI,EDM,8458637,8478452.0,8470666.0,
3,3:11,5v5,CHI,88.0,r,,,,,,,y,y,,c,oz,,y,-1,0,20116,10/27/2022,CHI,EDM,8474141,,,
3,2:19,5v5,CHI,19.0,w,11.0,4.0,,oc,dsr,,,y,,r,dz,,,0,0,20116,10/27/2022,CHI,EDM,8473604,8471742.0,8477495.0,
3,0:38,5v5,EDM,29.0,o,91.0,56.0,,orrl,oc,,y,y,,f,oz,3 on 2,y,0,0,20116,10/27/2022,CHI,EDM,8476886,8481813.0,8474719.0,
1,19:14,5v5,BUF,78.0,W,10.0,,,ol,,,,y,,c,oz,,,0,74,21006,3/6/2023,BUF,EDM,8480196,8473534.0,,
1,19:20,5v5,BUF,53.0,s,,,,,,,,y,,c,oz,,,0,74,21006,3/6/2023,BUF,EDM,8475784,,,
1,18:29,5v5,BUF,29.0,s,,,,,,,,y,,f,oz,,,0,74,21006,3/6/2023,BUF,EDM,8469506,,,
1,18:21,5v5,EDM,2.0,w,93.0,29.0,2.0,ol,nl,dl,y,y,,r,dz,,,0,41,21006,3/6/2023,BUF,EDM,8477384,8476454.0,8476886.0,8477384.0
1,18:14,5v5,EDM,14.0,w,2.0,71.0,,or,ofp,,,y,,,,,,0,41,21006,3/6/2023,BUF,EDM,8475218,8477384.0,8480802.0,
1,17:05,5v5,BUF,10.0,W,19.0,77.0,25.0,ol,nl,dl,,y,,r,dz,,,0,74,21006,3/6/2023,BUF,EDM,8473534,8481522.0,8482175.0,8482671.0
1,16:49,5v5,BUF,10.0,w,77.0,,,oelpr,,,,,,f,oz,,,0,74,21006,3/6/2023,BUF,EDM,8473534,8482175.0,,
1,15:45,5v5,EDM,71.0,W,97.0,5.0,25.0,ol,dr,dl,,,,r,dz,,,0,41,21006,3/6/2023,BUF,EDM,8480802,8478402.0,8471816.0,8476495.0
1,15:29,5v5,BUF,72.0,W,53.0,,,oell,,,,,,f,oz,,,0,74,21006,3/6/2023,BUF,EDM,8479420,8475784.0,,
1,15:25,5v5,BUF,53.0,w,72.0,,,ol,,,,,,f,oz,,,0,74,21006,3/6/2023,BUF,EDM,8475784,8479420.0,,
1,14:58,5v5,BUF,24.0,w,29.0,26.0,,orrr,dr,,y,y,,r,dz,2 on 1,,0,74,21006,3/6/2023,BUF,EDM,8469820,8469506.0,8480839.0,
1,14:47,5v5,BUF,24.0,w,46.0,,,or,,,,y,,,,,,0,74,21006,3/6/2023,BUF,EDM,8469820,8477974.0,,
1,14:44,5v5,BUF,37.0,w,24.0,,,ol,,,y,y,,f,oz,,,0,74,21006,3/6/2023,BUF,EDM,8478043,8469820.0,,
1,14:34,5v5,EDM,56.0,w,2.0,,,dc,,,Y,y,,r,dz,1 on 0,,0,41,21006,3/6/2023,BUF,EDM,8474719,8477384.0,,
1,14:21,5v5,EDM,27.0,O,14.0,56.0,,or,opr,,,y,,c,oz,,,0,41,21006,3/6/2023,BUF,EDM,8476850,8475218.0,8474719.0,
1,14:05,5v5,BUF,12.0,W,10.0,38.0,,dr,dl,,,Y,,r,dz,,,0,74,21006,3/6/2023,BUF,EDM,8478413,8473534.0,8474743.0,
1,13:57,5v5,EDM,27.0,B,26.0,,,dr,,,,y,,r,dz,,,0,41,21006,3/6/2023,BUF,EDM,8476850,8476336.0,,
1,13:50,5v5,EDM,73.0,w,37.0,,,oelpr,,,,,,f,oz,,,0,41,21006,3/6/2023,BUF,EDM,8477454,8471402.0,,
1,13:10,5v5,EDM,10.0,O,19.0,,,oelr,,,y,y,,f,oz,,,0,41,21006,3/6/2023,BUF,EDM,8481638,8475156.0,,
1,12:51,5v5,EDM,5.0,w,,,,,,,,,,,,,,0,41,21006,3/6/2023,BUF,EDM,8471816,,,
1,12:41,5v5,EDM,71.0,O,97.0,71.0,,ol,ol,,y,y,Y,f,oz,,,0,41,21006,3/6/2023,BUF,EDM,8480802,8478402.0,8480802.0,
1,12:39,5v5,EDM,97.0,A,,,,,,,y,y,,f,oz,,y,0,41,21006,3/6/2023,BUF,EDM,8478402,,,
1,12:11,5v5,BUF,10.0,w,,,,,,,,,,f,oz,,,-1,74,21006,3/6/2023,BUF,EDM,8473534,,,
1,11:54,5v5,EDM,29.0,w,93.0,2.0,56.0,oc,oc,nr,y,y,,r,dz,,,-1,41,21006,3/6/2023,BUF,EDM,8476886,8476454.0,8477384.0,8474719.0
1,10:44,5v4,BUF,71.0,o,26.0,72.0,26.0,ol,opl,ol,,y,,,,,,-1,74,21006,3/6/2023,BUF,EDM,8480802,8480839.0,8479420.0,8480839.0
1,10:39,5v4,BUF,71.0,w,26.0,72.0,,ol,ol,,y,y,,,,,,-1,74,21006,3/6/2023,BUF,EDM,8480802,8480839.0,8479420.0,
1,10:28,5v4,BUF,53.0,t,26.0,71.0,,or,opr,,y,y,y,,,,,-1,74,21006,3/6/2023,BUF,EDM,8475784,8480839.0,8480802.0,
1,10:22,5v4,BUF,72.0,w,24.0,,,ol,,,y,y,,,,,,-1,74,21006,3/6/2023,BUF,EDM,8479420,8469820.0,,
1,10:15,5v4,BUF,53.0,o,72.0,53.0,72.0,orrr,oelc,ol,y,y,,,,,y,-1,74,21006,3/6/2023,BUF,EDM,8475784,8479420.0,8475784.0,8479420.0
1,9:07,5v5,EDM,14.0,W,19.0,,,opr,,,,y,,f,oz,,,0,41,21006,3/6/2023,BUF,EDM,8475218,8475156.0,,
1,8:59,5v5,EDM,2.0,T,14.0,29.0,2.0,or,opr,or,,,,c,oz,,,0,41,21006,3/6/2023,BUF,EDM,8477384,8475218.0,8476886.0,8477384.0
1,7:31,5v5,EDM,18.0,w,,,,,,,y,y,,f,oz,,,0,41,21006,3/6/2023,BUF,EDM,8475786,,,
1,7:14,5v4,EDM,93.0,w,2.0,,,or,,,y,y,,,,,,0,41,21006,3/6/2023,BUF,EDM,8476454,8477384.0,,
1,6:22,5v4,EDM,2.0,O,93.0,97.0,,opl,or,,,y,y,,,,,0,41,21006,3/6/2023,BUF,EDM,8477384,8476454.0,8478402.0,
1,6:14,5v4,EDM,18.0,w,93.0,,,ol,,,y,y,,,,,,0,41,21006,3/6/2023,BUF,EDM,8475786,8476454.0,,
1,5:45,5v4,EDM,2.0,o,29.0,2.0,97.0,opr,oc,opl,,,,,,,,0,41,21006,3/6/2023,BUF,EDM,8477384,8476886.0,8477384.0,8478402.0
1,5:38,5v4,EDM,25.0,w,71.0,,,opr,,,,,,,,,,0,41,21006,3/6/2023,BUF,EDM,8476495,8480802.0,,
1,5:30,5v4,EDM,25.0,o,56.0,,,opl,,,,y,y,,,,,0,41,21006,3/6/2023,BUF,EDM,8476495,8474719.0,,
1,5:24,5v4,EDM,71.0,w,25.0,,,oc,,,,,,,,,,0,41,21006,3/6/2023,BUF,EDM,8480802,8476495.0,,
1,4:45,5v5,EDM,72.0,W,,,,,,,,y,,f,oz,,,0,41,21006,3/6/2023,BUF,EDM,8477249,,,
1,3:58,5v5,BUF,53.0,w,22.0,,,dc,,,,y,,r,dz,,,0,74,21006,3/6/2023,BUF,EDM,8475784,8476356.0,,
1,3:40,5v5,BUF,29.0,O,24.0,78.0,24.0,or,or,or,,,,r,nz,,,0,74,21006,3/6/2023,BUF,EDM,8469506,8469820.0,8480196.0,8469820.0
1,3:34,5v5,BUF,24.0,o,29.0,,,oelc,,,y,,,f,oz,,,0,74,21006,3/6/2023,BUF,EDM,8469820,8469506.0,,
1,2:56,5v5,EDM,73.0,w,27.0,,,or,,,,y,,f,oz,,,0,41,21006,3/6/2023,BUF,EDM,8477454,8476850.0,,
1,2:44,5v5,EDM,27.0,s,73.0,,,or,,,,,,f,oz,,,0,41,21006,3/6/2023,BUF,EDM,8476850,8477454.0,,
1,2:35,5v5,EDM,73.0,w,37.0,,,ol,,,y,,,f,oz,,,0,41,21006,3/6/2023,BUF,EDM,8477454,8471402.0,,
1,2:13,5v5,EDM,18.0,t,2.0,97.0,18.0,ol,opl,or,,,,c,oz,,,0,41,21006,3/6/2023,BUF,EDM,8475786,8477384.0,8478402.0,8475786.0
1,1:41,5v5,EDM,18.0,w,2.0,,,dr,,,,,,r,dz,,,0,41,21006,3/6/2023,BUF,EDM,8475786,8477384.0,,
1,1:19,5v5,EDM,19.0,T,10.0,,,ol,,,y,y,,r,nz,,,0,41,21006,3/6/2023,BUF,EDM,8475156,8481638.0,,
1,0:58,5v5,BUF,53.0,B,,,,,,,y,y,,r,dz,,,0,74,21006,3/6/2023,BUF,EDM,8475784,,,
1,0:39,5v5,BUF,72.0,b,53.0,22.0,,nc,dr,,y,y,,r,dz,,,0,74,21006,3/6/2023,BUF,EDM,8479420,8475784.0,8476356.0,
2,18:38,5v5,BUF,37.0,w,24.0,26.0,,dl,dl,,y,y,,r,dz,,,0,74,21006,3/6/2023,BUF,EDM,8478043,8469820.0,8480839.0,
2,16:25,5v5,EDM,2.0,S,14.0,2.0,14.0,ol,or,ol,,y,y,c,oz,,,0,41,21006,3/6/2023,BUF,EDM,8477384,8475218.0,8477384.0,8475218.0
2,15:15,5v5,BUF,72.0,w,22.0,26.0,,nr,dsr,,y,y,,r,dz,,,0,74,21006,3/6/2023,BUF,EDM,8479420,8476356.0,8480839.0,
2,15:10,5v5,BUF,53.0,w,22.0,26.0,72.0,oc,ol,opl,y,y,,c,oz,,,0,74,21006,3/6/2023,BUF,EDM,8475784,8476356.0,8480839.0,8479420.0
2,15:02,5v5,BUF,29.0,o,37.0,46.0,29.0,opr,or,ofp,,y,,,,,,0,74,21006,3/6/2023,BUF,EDM,8469506,8478043.0,8477974.0,8469506.0
2,14:39,5v5,BUF,77.0,W,10.0,,,dr,,,,y,,r,dz,,,0,74,21006,3/6/2023,BUF,EDM,8482175,8473534.0,,
2,13:41,5v5,EDM,21.0,o,25.0,5.0,,ol,or,,,,,c,oz,,,0,41,21006,3/6/2023,BUF,EDM,8466333,8476495.0,8471816.0,
2,12:41,5v5,BUF,24.0,w,12.0,46.0,,orrr,or,,y,y,,c,oz,,,0,74,21006,3/6/2023,BUF,EDM,8469820,8478413.0,8477974.0,
2,11:23,5v5,BUF,22.0,w,72.0,53.0,46.0,ol,ol,dr,,y,,c,oz,,,0,74,21006,3/6/2023,BUF,EDM,8476356,8479420.0,8475784.0,8477974.0
2,11:20,5v5,BUF,53.0,r,,,,,,,y,y,,c,oz,,,0,74,21006,3/6/2023,BUF,EDM,8475784,,,
2,10:56,5v4,BUF,22.0,w,37.0,,,nl,,,y,y,,r,nz,1 on 0,,0,74,21006,3/6/2023,BUF,EDM,8476356,8478043.0,,
2,9:54,5v4,BUF,77.0,w,25.0,22.0,19.0,oc,opc,or,,,,,,,,0,74,21006,3/6/2023,BUF,EDM,8482175,8482671.0,8476356.0,8481522.0
2,9:39,5v4,BUF,24.0,w,26.0,37.0,,oc,ol,,y,y,,r,nz,,,0,74,21006,3/6/2023,BUF,EDM,8469820,8480839.0,8478043.0,
2,9:07,5v5,BUF,72.0,w,26.0,72.0,,ol,ol,,,,,,,,,0,74,21006,3/6/2023,BUF,EDM,8479420,8480839.0,8479420.0,
2,8:58,5v5,BUF,26.0,o,72.0,26.0,,ol,ol,,,y,,,,,,0,74,21006,3/6/2023,BUF,EDM,8480839,8479420.0,8480839.0,
2,6:56,5v5,EDM,14.0,w,2.0,71.0,,or,opr,,,,,f,oz,,,0,41,21006,3/6/2023,BUF,EDM,8475218,8477384.0,8480802.0,
2,5:25,5v5,BUF,71.0,O,37.0,38.0,,oelc,oell,,y,y,,f,oz,,,0,74,21006,3/6/2023,BUF,EDM,8480802,8478043.0,8474743.0,
2,5:04,5v5,EDM,37.0,b,18.0,,,or,,,y,y,,f,oz,,,0,41,21006,3/6/2023,BUF,EDM,8471402,8475786.0,,
2,5:00,5v5,EDM,25.0,w,71.0,,,ofp,,,,y,,,,,,0,41,21006,3/6/2023,BUF,EDM,8476495,8480802.0,,
2,4:48,5v5,EDM,72.0,w,26.0,71.0,,or,ol,,,,,f,oz,,,0,41,21006,3/6/2023,BUF,EDM,8477249,8476336.0,8480802.0,
2,3:44,5v5,BUF,26.0,W,10.0,,,ol,,,y,y,,f,oz,,,0,74,21006,3/6/2023,BUF,EDM,8480839,8473534.0,,
2,3:10,5v5,EDM,73.0,o,97.0,,,opr,,,,,,,,,,0,41,21006,3/6/2023,BUF,EDM,8477454,8478402.0,,
2,2:40,5v5,BUF,28.0,w,21.0,28.0,,opl,ol,,,,,f,oz,,,0,74,21006,3/6/2023,BUF,EDM,8480035,8475236.0,8480035.0,
2,2:01,5v5,EDM,19.0,O,10.0,,,ol,,,y,y,Y,f,oz,,,0,41,21006,3/6/2023,BUF,EDM,8475156,8481638.0,,
2,1:49,5v5,EDM,19.0,W,10.0,5.0,,or,or,,,,,f,oz,,,0,41,21006,3/6/2023,BUF,EDM,8475156,8481638.0,8471816.0,
2,1:19,5v5,EDM,25.0,w,19.0,,,opl,,,,,Y,f,oz,,,0,41,21006,3/6/2023,BUF,EDM,8476495,8475156.0,,
2,1:15,5v5,EDM,10.0,w,19.0,10.0,,oelc,oc,,y,y,,f,oz,,y,0,41,21006,3/6/2023,BUF,EDM,8481638,8475156.0,8481638.0,
2,0:57,5v5,BUF,29.0,W,12.0,25.0,46.0,ol,dl,dr,,,,r,dz,,,-1,74,21006,3/6/2023,BUF,EDM,8469506,8478413.0,8482671.0,8477974.0
2,0:49,5v5,BUF,29.0,w,19.0,26.0,,ol,opl,,,y,,f,oz,,,-1,74,21006,3/6/2023,BUF,EDM,8469506,8481522.0,8480839.0,
2,0:34,5v5,BUF,12.0,w,26.0,,,dsl,,,,y,,r,dz,,,-1,74,21006,3/6/2023,BUF,EDM,8478413,8480839.0,,
2,0:13,5v5,EDM,27.0,w,,,,,,,,,,f,oz,,,-1,41,21006,3/6/2023,BUF,EDM,8476850,,,
2,0:05,5v5,EDM,27.0,w,29.0,,,or,,,,y,,f,oz,,,-1,41,21006,3/6/2023,BUF,EDM,8476850,8476886.0,,
3,19:33,5v5,EDM,97.0,w,37.0,5.0,25.0,nr,dr,dl,y,,,r,nz,,,-1,41,21006,3/6/2023,BUF,EDM,8478402,8471402.0,8471816.0,8476495.0
3,19:19,5v5,BUF,24.0,W,,,,,,,Y,Y,,r,dz,1 on 0,y,-1,74,21006,3/6/2023,BUF,EDM,8469820,,,
3,18:07,5v5,EDM,27.0,W,26.0,,,opl,,,,y,,f,oz,,,0,41,21006,3/6/2023,BUF,EDM,8476850,8476336.0,,
3,17:18,5v5,EDM,25.0,w,10.0,,,opl,,,,y,,f,oz,,,0,41,21006,3/6/2023,BUF,EDM,8476495,8481638.0,,
3,17:15,5v5,EDM,10.0,w,,,,,,,,y,,f,oz,,,0,41,21006,3/6/2023,BUF,EDM,8481638,,,
3,16:37,5v5,EDM,97.0,W,37.0,14.0,,ol,dl,,y,y,,r,dz,,y,0,41,21006,3/6/2023,BUF,EDM,8478402,8471402.0,8475218.0,
3,15:58,5v5,EDM,93.0,W,56.0,,,oc,,,,,,f,oz,,,-1,41,21006,3/6/2023,BUF,EDM,8476454,8474719.0,,
3,15:49,5v5,BUF,24.0,w,,,,,,,,,,r,dz,,,-1,74,21006,3/6/2023,BUF,EDM,8469820,,,
3,15:25,5v5,BUF,53.0,B,22.0,72.0,,or,or,,y,y,,c,oz,,,-1,74,21006,3/6/2023,BUF,EDM,8475784,8476356.0,8479420.0,
3,13:53,5v5,BUF,77.0,w,21.0,,,ol,,,,,,r,dz,,,-1,74,21006,3/6/2023,BUF,EDM,8482175,8475236.0,,
3,13:19,5v5,EDM,2.0,s,29.0,,,opr,,,,,,f,oz,,,-1,41,21006,3/6/2023,BUF,EDM,8477384,8476886.0,,
3,13:11,5v5,EDM,93.0,w,2.0,29.0,,oc,opr,,,y,,c,oz,,,-1,41,21006,3/6/2023,BUF,EDM,8476454,8477384.0,8476886.0,
3,13:10,5v5,EDM,56.0,r,,,,,,,y,y,,c,oz,,,-1,41,21006,3/6/2023,BUF,EDM,8474719,,,
3,12:45,5v5,BUF,22.0,B,72.0,53.0,,oc,or,,y,y,,r,dz,,,-1,74,21006,3/6/2023,BUF,EDM,8476356,8479420.0,8475784.0,
3,12:34,5v5,BUF,26.0,w,22.0,26.0,,opl,ol,,,,,c,oz,,,-1,74,21006,3/6/2023,BUF,EDM,8480839,8476356.0,8480839.0,
3,10:13,5v5,BUF,77.0,w,21.0,46.0,,dr,dl,,,y,,r,dz,,,-1,74,21006,3/6/2023,BUF,EDM,8482175,8475236.0,8477974.0,
3,10:03,5v5,BUF,72.0,o,22.0,,,or,,,,,,f,oz,,,-1,74,21006,3/6/2023,BUF,EDM,8479420,8476356.0,,
3,9:59,5v5,BUF,53.0,w,25.0,,,orrl,,,y,y,,f,oz,,,-1,74,21006,3/6/2023,BUF,EDM,8475784,8482671.0,,
3,8:36,5v5,BUF,24.0,w,29.0,37.0,,ol,nc,,,,,r,dz,,,-1,74,21006,3/6/2023,BUF,EDM,8469820,8469506.0,8478043.0,
3,8:13,5v5,EDM,29.0,o,93.0,,,oc,,,,,,f,oz,,,-1,41,21006,3/6/2023,BUF,EDM,8476886,8476454.0,,
3,7:57,5v5,EDM,56.0,T,27.0,73.0,29.0,ol,or,opr,y,y,Y,c,oz,,,-1,41,21006,3/6/2023,BUF,EDM,8474719,8476850.0,8477454.0,8476886.0
3,7:52,5v5,EDM,19.0,w,10.0,,,of,,,y,y,,,,,,-1,41,21006,3/6/2023,BUF,EDM,8475156,8481638.0,,
3,6:21,5v5,EDM,18.0,b,37.0,97.0,,oc,dl,,y,,,r,dz,2 on 0,,-1,41,21006,3/6/2023,BUF,EDM,8475786,8471402.0,8478402.0,
3,4:59,5v5,BUF,37.0,o,24.0,,,ol,,,y,y,,r,dz,,,-1,74,21006,3/6/2023,BUF,EDM,8478043,8469820.0,,
3,4:14,5v5,BUF,46.0,W,37.0,,,opr,,,,y,,c,oz,,,-1,74,21006,3/6/2023,BUF,EDM,8477974,8478043.0,,
3,4:08,5v5,BUF,22.0,w,,,,,,,,,,,,,,-1,74,21006,3/6/2023,BUF,EDM,8476356,,,
3,1:47,5v5,BUF,37.0,w,24.0,,,or,,,y,y,,r,dz,,,-1,74,21006,3/6/2023,BUF,EDM,8478043,8469820.0,,
